{
    "Summary": {
        "YooVersion": "",
        "UnityVersion": "2021.3.26f1",
        "BuildDate": "2023/6/2 下午 02:36:33",
        "BuildSeconds": 3,
        "BuildTarget": 19,
        "BuildPipeline": 1,
        "BuildMode": 1,
        "BuildPackageName": "DefaultPackage",
        "BuildPackageVersion": "2023-06-02-876",
        "EnableAddressable": true,
        "UniqueBundleName": false,
        "EncryptionServicesClassName": "OxGFrame.AssetLoader.Editor.XorEncryption",
        "OutputNameStyle": 1,
        "CompressOption": 2,
        "DisableWriteTypeTree": false,
        "IgnoreTypeTreeChanges": true,
        "AssetFileTotalCount": 11,
        "MainAssetTotalCount": 5,
        "AllBundleTotalCount": 6,
        "AllBundleTotalSize": 507893,
        "EncryptedBundleTotalCount": 6,
        "EncryptedBundleTotalSize": 507893,
        "RawBundleTotalCount": 0,
        "RawBundleTotalSize": 0
    },
    "AssetInfos": [
        {
            "Address": "model_01",
            "AssetPath": "Assets/OxGFrame/Samples/BundleDemo/Prefabs/model_01.prefab",
            "AssetGUID": "b4ea3356cddbd8b41926c28adefdfbc5",
            "AssetTags": [
                "models"
            ],
            "MainBundleName": "assets_oxgframe_samples_bundledemo_prefabs_model_01.bundle",
            "MainBundleSize": 420950,
            "DependBundles": [
                "unityshaders.bundle"
            ],
            "DependAssets": [
                "Assets/OxGFrame/Samples/BundleDemo/Model/shuijingciuv.png",
                "Assets/OxGFrame/Samples/BundleDemo/Model/shuijingciuv.tga",
                "Assets/OxGFrame/Samples/BundleDemo/Model/Materials/nideer_sm.mat",
                "Assets/OxGFrame/Samples/BundleDemo/Model/ice_devil.FBX",
                "Assets/OxGFrame/Samples/BundleDemo/Model/IceDevil_AnimatorController.controller",
                "Assets/OxGFrame/Samples/BundleDemo/Model/Materials/nideer.mat"
            ]
        },
        {
            "Address": "LevelDemo01",
            "AssetPath": "Assets/OxGFrame/Samples/USFrameDemo/Scenes/LevelDemo01.unity",
            "AssetGUID": "97102f27cdcc74846bb0909829b431cd",
            "AssetTags": [
                "scenes"
            ],
            "MainBundleName": "assets_oxgframe_samples_usframedemo_scenes_leveldemo01.bundle",
            "MainBundleSize": 9610,
            "DependBundles": [
                "unityshaders.bundle"
            ],
            "DependAssets": []
        },
        {
            "Address": "LevelDemo02",
            "AssetPath": "Assets/OxGFrame/Samples/USFrameDemo/Scenes/LevelDemo02.unity",
            "AssetGUID": "9f25400e0da4e034294d5e153b0533ab",
            "AssetTags": [
                "scenes"
            ],
            "MainBundleName": "assets_oxgframe_samples_usframedemo_scenes_leveldemo02.bundle",
            "MainBundleSize": 9581,
            "DependBundles": [
                "unityshaders.bundle"
            ],
            "DependAssets": []
        },
        {
            "Address": "LevelDemo03",
            "AssetPath": "Assets/OxGFrame/Samples/USFrameDemo/Scenes/LevelDemo03.unity",
            "AssetGUID": "42b42b7f9b5995748ba85a54431669b3",
            "AssetTags": [
                "scenes"
            ],
            "MainBundleName": "assets_oxgframe_samples_usframedemo_scenes_leveldemo03.bundle",
            "MainBundleSize": 9615,
            "DependBundles": [
                "unityshaders.bundle"
            ],
            "DependAssets": []
        },
        {
            "Address": "HotfixPrefab",
            "AssetPath": "Assets/OxGFrame/Hotfixer/Example/HotfixerDemo/Prefabs/HotfixPrefab.prefab",
            "AssetGUID": "a09f283f49ba75245b6748d77bcf38ff",
            "AssetTags": [
                "prefabs"
            ],
            "MainBundleName": "assets_oxgframe_hotfixer_example_hotfixerdemo_prefabs_hotfixprefab.bundle",
            "MainBundleSize": 5143,
            "DependBundles": [
                "unityshaders.bundle"
            ],
            "DependAssets": []
        }
    ],
    "BundleInfos": [
        {
            "BundleName": "assets_oxgframe_samples_bundledemo_prefabs_model_01.bundle",
            "FileName": "861c400fad53d8a1ced441d399e289fa.bundle",
            "FileHash": "861c400fad53d8a1ced441d399e289fa",
            "FileCRC": "d3179026",
            "FileSize": 420950,
            "IsRawFile": false,
            "LoadMethod": 3,
            "Tags": [
                "models"
            ],
            "ReferenceIDs": [],
            "AllBuiltinAssets": [
                "Assets/OxGFrame/Samples/BundleDemo/Prefabs/model_01.prefab",
                "Assets/OxGFrame/Samples/BundleDemo/Model/shuijingciuv.png",
                "Assets/OxGFrame/Samples/BundleDemo/Model/shuijingciuv.tga",
                "Assets/OxGFrame/Samples/BundleDemo/Model/Materials/nideer_sm.mat",
                "Assets/OxGFrame/Samples/BundleDemo/Model/ice_devil.FBX",
                "Assets/OxGFrame/Samples/BundleDemo/Model/IceDevil_AnimatorController.controller",
                "Assets/OxGFrame/Samples/BundleDemo/Model/Materials/nideer.mat"
            ]
        },
        {
            "BundleName": "assets_oxgframe_samples_usframedemo_scenes_leveldemo01.bundle",
            "FileName": "db27cd760620fb65131ba0b90c5fb498.bundle",
            "FileHash": "db27cd760620fb65131ba0b90c5fb498",
            "FileCRC": "4604ab1a",
            "FileSize": 9610,
            "IsRawFile": false,
            "LoadMethod": 3,
            "Tags": [
                "scenes"
            ],
            "ReferenceIDs": [],
            "AllBuiltinAssets": [
                "Assets/OxGFrame/Samples/USFrameDemo/Scenes/LevelDemo01.unity"
            ]
        },
        {
            "BundleName": "assets_oxgframe_samples_usframedemo_scenes_leveldemo02.bundle",
            "FileName": "d6a7451875a6ca06a5c95a454f8c3cd1.bundle",
            "FileHash": "d6a7451875a6ca06a5c95a454f8c3cd1",
            "FileCRC": "224f563f",
            "FileSize": 9581,
            "IsRawFile": false,
            "LoadMethod": 3,
            "Tags": [
                "scenes"
            ],
            "ReferenceIDs": [],
            "AllBuiltinAssets": [
                "Assets/OxGFrame/Samples/USFrameDemo/Scenes/LevelDemo02.unity"
            ]
        },
        {
            "BundleName": "assets_oxgframe_samples_usframedemo_scenes_leveldemo03.bundle",
            "FileName": "0e0616b3613f9a754711357cda2c3afc.bundle",
            "FileHash": "0e0616b3613f9a754711357cda2c3afc",
            "FileCRC": "b8df10b2",
            "FileSize": 9615,
            "IsRawFile": false,
            "LoadMethod": 3,
            "Tags": [
                "scenes"
            ],
            "ReferenceIDs": [],
            "AllBuiltinAssets": [
                "Assets/OxGFrame/Samples/USFrameDemo/Scenes/LevelDemo03.unity"
            ]
        },
        {
            "BundleName": "assets_oxgframe_hotfixer_example_hotfixerdemo_prefabs_hotfixprefab.bundle",
            "FileName": "0d9a792477dd0d18263f6eefd0964d89.bundle",
            "FileHash": "0d9a792477dd0d18263f6eefd0964d89",
            "FileCRC": "072405e8",
            "FileSize": 5143,
            "IsRawFile": false,
            "LoadMethod": 3,
            "Tags": [
                "prefabs"
            ],
            "ReferenceIDs": [],
            "AllBuiltinAssets": [
                "Assets/OxGFrame/Hotfixer/Example/HotfixerDemo/Prefabs/HotfixPrefab.prefab"
            ]
        },
        {
            "BundleName": "unityshaders.bundle",
            "FileName": "7587b55991271958db4cacdc277759f4.bundle",
            "FileHash": "7587b55991271958db4cacdc277759f4",
            "FileCRC": "411df90a",
            "FileSize": 52994,
            "IsRawFile": false,
            "LoadMethod": 3,
            "Tags": [
                "models",
                "scenes",
                "prefabs"
            ],
            "ReferenceIDs": [
                0,
                1,
                2,
                3,
                4
            ],
            "AllBuiltinAssets": []
        }
    ]
}