{
"Date": "2023/6/2 下午 02:36:30",
"UnityVersion": "2021.3.26f1",
"com.unity.scriptablebuildpipeline": "1.20.2",
"traceEvents": [
{"name": "AssetDatabase.SaveAssets", "ph": "X", "dur": 409293, "tid": 1, "ts": 2930, "pid": 1}
,{"name": "SwitchToBuildPlatform", "ph": "X", "dur": 304.00000000003, "tid": 1, "ts": 433351, "pid": 1}
,{"name": "RebuildSpriteAtlasCache", "ph": "X", "dur": 20036.5, "tid": 1, "ts": 433939, "pid": 1}
,{"name": "BuildPlayerScripts", "ph": "X", "dur": 2491177, "tid": 1, "ts": 454106, "pid": 1}
,{"name": "PostScriptsCallback", "ph": "X", "dur": 182.399999999689, "tid": 1, "ts": 2945644, "pid": 1}
,{"name": "CalculateSceneDependencyData", "ph": "X", "dur": 51682.6000000001, "tid": 1, "ts": 2945944, "pid": 1, "args": {"0":"Local Cache hit count: 3, Cache Server hit count: 0"}}
,{"name": "LoadCachedData", "ph": "X", "dur": 31647.7, "tid": 1, "ts": 2953048, "pid": 1, "args": {"0":"3 items", "1":"Time spent deserializing: 30ms", "2":"Local Cache hit count: 3"}}
,{"name": "Read and deserialize cache info", "ph": "X", "dur": 30874.8000000001, "tid": 1, "ts": 2953797, "pid": 1}
,{"name": "Check for changed dependencies", "ph": "X", "dur": 5356.79999999957, "tid": 1, "ts": 2984697, "pid": 1, "args": {"0":"Unchanged dependencies count: 3"}}
,{"name": "Calculate Scene Dependencies", "ph": "X", "dur": 6267.40000000018, "tid": 1, "ts": 2990531, "pid": 1, "args": {"0":"97102f27cdcc74846bb0909829b431cd (cached)"}}
,{"name": "Calculate Scene Dependencies", "ph": "X", "dur": 375.500000000102, "tid": 1, "ts": 2996801, "pid": 1, "args": {"0":"9f25400e0da4e034294d5e153b0533ab (cached)"}}
,{"name": "Calculate Scene Dependencies", "ph": "X", "dur": 28.9999999999964, "tid": 1, "ts": 2997178, "pid": 1, "args": {"0":"42b42b7f9b5995748ba85a54431669b3 (cached)"}}
,{"name": "CalculateCustomDependencyData", "ph": "X", "dur": 1434.4000000001, "tid": 1, "ts": 2997819, "pid": 1}
,{"name": "CalculateAssetDependencyData", "ph": "X", "dur": 14397.5999999998, "tid": 1, "ts": 2999416, "pid": 1}
,{"name": "Gathering Cache Entries to Load", "ph": "X", "dur": 11279.9, "tid": 1, "ts": 3001450, "pid": 1, "args": {"0":"Local Cache hit count: 2, Cache Server hit count: 0"}}
,{"name": "LoadCachedData", "ph": "X", "dur": 9742.69999999979, "tid": 1, "ts": 3001723, "pid": 1, "args": {"0":"2 items", "1":"Time spent deserializing: 9ms", "2":"Local Cache hit count: 2"}}
,{"name": "Read and deserialize cache info", "ph": "X", "dur": 9718.1999999998, "tid": 1, "ts": 3001733, "pid": 1}
,{"name": "Check for changed dependencies", "ph": "X", "dur": 1255.59999999996, "tid": 1, "ts": 3011467, "pid": 1, "args": {"0":"Unchanged dependencies count: 2"}}
,{"name": "Calculate Asset Dependencies", "ph": "X", "dur": 30.2999999998974, "tid": 1, "ts": 3012735, "pid": 1, "args": {"0":"b4ea3356cddbd8b41926c28adefdfbc5 (cached)"}}
,{"name": "Calculate Asset Dependencies", "ph": "X", "dur": 4.60000000020955, "tid": 1, "ts": 3012765, "pid": 1, "args": {"0":"a09f283f49ba75245b6748d77bcf38ff (cached)"}}
,{"name": "Gathering Cache Entries to Save", "ph": "X", "dur": 12.0999999999185, "tid": 1, "ts": 3012771, "pid": 1}
,{"name": "StripUnusedSpriteSources", "ph": "X", "dur": 711.099999999988, "tid": 1, "ts": 3013967, "pid": 1}
,{"name": "CreateBuiltInShadersBundle", "ph": "X", "dur": 6204.69999999978, "tid": 1, "ts": 3014793, "pid": 1}
,{"name": "PostDependencyCallback", "ph": "X", "dur": 176.200000000335, "tid": 1, "ts": 3021127, "pid": 1}
,{"name": "GenerateBundlePacking", "ph": "X", "dur": 14810.3999999998, "tid": 1, "ts": 3021408, "pid": 1}
,{"name": "UpdateBundleObjectLayout", "ph": "X", "dur": 12669.4000000002, "tid": 1, "ts": 3036402, "pid": 1}
,{"name": "PopulateReferencesMaps", "ph": "X", "dur": 4709.89999999983, "tid": 1, "ts": 3037825, "pid": 1}
,{"name": "Populate Files Map", "ph": "X", "dur": 2878.20000000011, "tid": 1, "ts": 3038093, "pid": 1, "args": {"0":"Count=5"}}
,{"name": "Populate Assets Map", "ph": "X", "dur": 2521.8, "tid": 831, "ts": 3037863, "pid": 1, "args": {"0":"Count=2"}}
,{"name": "Populate Scenes Map", "ph": "X", "dur": 513.6, "tid": 831, "ts": 3040435, "pid": 1, "args": {"0":"Count=3"}}
,{"name": "UpdateWriteData", "ph": "X", "dur": 5085.70000000009, "tid": 1, "ts": 3043984, "pid": 1}
,{"name": "GenerateBundleCommands", "ph": "X", "dur": 21568.6999999998, "tid": 1, "ts": 3049269, "pid": 1}
,{"name": "GenerateSubAssetPathMaps", "ph": "X", "dur": 831.600000000435, "tid": 1, "ts": 3070984, "pid": 1}
,{"name": "GenerateBundleMaps", "ph": "X", "dur": 4915.89999999997, "tid": 1, "ts": 3071909, "pid": 1}
,{"name": "Temporary Map Creations", "ph": "X", "dur": 2036.79999999986, "tid": 1, "ts": 3073480, "pid": 1}
,{"name": "Populate BuildReferenceMaps", "ph": "X", "dur": 413.199999999961, "tid": 1, "ts": 3075519, "pid": 1}
,{"name": "Populate BuildUsageTagSet", "ph": "X", "dur": 888.800000000174, "tid": 1, "ts": 3075936, "pid": 1}
,{"name": "PostPackingCallback", "ph": "X", "dur": 175.499999999829, "tid": 1, "ts": 3076947, "pid": 1}
,{"name": "WriteSerializedFiles", "ph": "X", "dur": 46605.9, "tid": 1, "ts": 3077244, "pid": 1}
,{"name": "RunCachedOperation", "ph": "X", "dur": 43667.3000000001, "tid": 1, "ts": 3080181, "pid": 1, "args": {"0":"Total Entries: 6, Processed: 0, Cached: 6"}}
,{"name": "Creating Cache Entries", "ph": "X", "dur": 29258.8000000001, "tid": 1, "ts": 3080249, "pid": 1}
,{"name": "GetCacheEntry", "ph": "X", "dur": 22207.5999999997, "tid": 1, "ts": 3080847, "pid": 1, "args": {"0":"CAB-929aa7ec3239b8247abdbd6632265305"}}
,{"name": "Gather Objects AssetBundleWriteOperation", "ph": "X", "dur": 10570.6999999998, "tid": 1, "ts": 3081995, "pid": 1, "args": {"0":"CAB-929aa7ec3239b8247abdbd6632265305"}}
,{"name": "Hashing Command", "ph": "X", "dur": 3374.40000000015, "tid": 1, "ts": 3092575, "pid": 1, "args": {"0":"CAB-929aa7ec3239b8247abdbd6632265305"}}
,{"name": "Hashing UsageSet", "ph": "X", "dur": 167.60000000022, "tid": 1, "ts": 3095954, "pid": 1, "args": {"0":"CAB-929aa7ec3239b8247abdbd6632265305"}}
,{"name": "Hashing ReferenceMap", "ph": "X", "dur": 200.10000000002, "tid": 1, "ts": 3096126, "pid": 1, "args": {"0":"CAB-929aa7ec3239b8247abdbd6632265305"}}
,{"name": "Hashing Info", "ph": "X", "dur": 1541.60000000002, "tid": 1, "ts": 3096329, "pid": 1, "args": {"0":"CAB-929aa7ec3239b8247abdbd6632265305"}}
,{"name": "Hashing Objects", "ph": "X", "dur": 3487.39999999998, "tid": 1, "ts": 3097875, "pid": 1, "args": {"0":"CAB-929aa7ec3239b8247abdbd6632265305"}}
,{"name": "GetCacheEntry", "ph": "X", "dur": 4296.29999999997, "tid": 1, "ts": 3103060, "pid": 1, "args": {"0":"CAB-1844203563456c54a3c89a8800205946.sharedAssets"}}
,{"name": "Gather Objects", "ph": "X", "dur": 121.200000000044, "tid": 1, "ts": 3104431, "pid": 1, "args": {"0":"CAB-1844203563456c54a3c89a8800205946.sharedAssets"}}
,{"name": "Hashing Command", "ph": "X", "dur": 31.3999999998487, "tid": 1, "ts": 3104558, "pid": 1, "args": {"0":"CAB-1844203563456c54a3c89a8800205946.sharedAssets"}}
,{"name": "Hashing UsageSet", "ph": "X", "dur": 48.6999999998261, "tid": 1, "ts": 3104592, "pid": 1, "args": {"0":"CAB-1844203563456c54a3c89a8800205946.sharedAssets"}}
,{"name": "Hashing ReferenceMap", "ph": "X", "dur": 36.5999999999076, "tid": 1, "ts": 3104643, "pid": 1, "args": {"0":"CAB-1844203563456c54a3c89a8800205946.sharedAssets"}}
,{"name": "Hashing PreloadInfo", "ph": "X", "dur": 223.799999999756, "tid": 1, "ts": 3104683, "pid": 1, "args": {"0":"CAB-1844203563456c54a3c89a8800205946.sharedAssets"}}
,{"name": "Hashing Info", "ph": "X", "dur": 599.299999999857, "tid": 1, "ts": 3104910, "pid": 1, "args": {"0":"CAB-1844203563456c54a3c89a8800205946.sharedAssets"}}
,{"name": "Hashing Objects", "ph": "X", "dur": 59.7999999999956, "tid": 1, "ts": 3105513, "pid": 1, "args": {"0":"CAB-1844203563456c54a3c89a8800205946.sharedAssets"}}
,{"name": "GetCacheEntry", "ph": "X", "dur": 477.699999999913, "tid": 1, "ts": 3107359, "pid": 1, "args": {"0":"CAB-d5e7b6938930655477b8791f73012da3.sharedAssets"}}
,{"name": "Gather Objects", "ph": "X", "dur": 32.7000000002045, "tid": 1, "ts": 3107430, "pid": 1, "args": {"0":"CAB-d5e7b6938930655477b8791f73012da3.sharedAssets"}}
,{"name": "Hashing Command", "ph": "X", "dur": 28.6000000000968, "tid": 1, "ts": 3107464, "pid": 1, "args": {"0":"CAB-d5e7b6938930655477b8791f73012da3.sharedAssets"}}
,{"name": "Hashing UsageSet", "ph": "X", "dur": 2.99999999970169, "tid": 1, "ts": 3107493, "pid": 1, "args": {"0":"CAB-d5e7b6938930655477b8791f73012da3.sharedAssets"}}
,{"name": "Hashing ReferenceMap", "ph": "X", "dur": 6.60000000016225, "tid": 1, "ts": 3107496, "pid": 1, "args": {"0":"CAB-d5e7b6938930655477b8791f73012da3.sharedAssets"}}
,{"name": "Hashing PreloadInfo", "ph": "X", "dur": 22.5000000000364, "tid": 1, "ts": 3107503, "pid": 1, "args": {"0":"CAB-d5e7b6938930655477b8791f73012da3.sharedAssets"}}
,{"name": "Hashing Info", "ph": "X", "dur": 11.2999999996646, "tid": 1, "ts": 3107526, "pid": 1, "args": {"0":"CAB-d5e7b6938930655477b8791f73012da3.sharedAssets"}}
,{"name": "Hashing Objects", "ph": "X", "dur": 44.5999999997184, "tid": 1, "ts": 3107538, "pid": 1, "args": {"0":"CAB-d5e7b6938930655477b8791f73012da3.sharedAssets"}}
,{"name": "GetCacheEntry", "ph": "X", "dur": 375.19999999995, "tid": 1, "ts": 3107839, "pid": 1, "args": {"0":"CAB-32d334daf3f093539b5c74d50c424d63.sharedAssets"}}
,{"name": "Gather Objects", "ph": "X", "dur": 21.4999999998327, "tid": 1, "ts": 3107899, "pid": 1, "args": {"0":"CAB-32d334daf3f093539b5c74d50c424d63.sharedAssets"}}
,{"name": "Hashing Command", "ph": "X", "dur": 22.6000000002387, "tid": 1, "ts": 3107921, "pid": 1, "args": {"0":"CAB-32d334daf3f093539b5c74d50c424d63.sharedAssets"}}
,{"name": "Hashing UsageSet", "ph": "X", "dur": 1.99999999995271, "tid": 1, "ts": 3107944, "pid": 1, "args": {"0":"CAB-32d334daf3f093539b5c74d50c424d63.sharedAssets"}}
,{"name": "Hashing ReferenceMap", "ph": "X", "dur": 4.399999999805, "tid": 1, "ts": 3107948, "pid": 1, "args": {"0":"CAB-32d334daf3f093539b5c74d50c424d63.sharedAssets"}}
,{"name": "Hashing PreloadInfo", "ph": "X", "dur": 20.5999999998312, "tid": 1, "ts": 3107953, "pid": 1, "args": {"0":"CAB-32d334daf3f093539b5c74d50c424d63.sharedAssets"}}
,{"name": "Hashing Info", "ph": "X", "dur": 10.2999999999156, "tid": 1, "ts": 3107974, "pid": 1, "args": {"0":"CAB-32d334daf3f093539b5c74d50c424d63.sharedAssets"}}
,{"name": "Hashing Objects", "ph": "X", "dur": 41.5000000002692, "tid": 1, "ts": 3107984, "pid": 1, "args": {"0":"CAB-32d334daf3f093539b5c74d50c424d63.sharedAssets"}}
,{"name": "GetCacheEntry", "ph": "X", "dur": 1043.50000000022, "tid": 1, "ts": 3108216, "pid": 1, "args": {"0":"CAB-9ec28a1c71c541092e0f06e2c8b2fe62"}}
,{"name": "Gather Objects AssetBundleWriteOperation", "ph": "X", "dur": 624.499999999898, "tid": 1, "ts": 3108240, "pid": 1, "args": {"0":"CAB-9ec28a1c71c541092e0f06e2c8b2fe62"}}
,{"name": "Hashing Command", "ph": "X", "dur": 63.4000000000015, "tid": 1, "ts": 3108866, "pid": 1, "args": {"0":"CAB-9ec28a1c71c541092e0f06e2c8b2fe62"}}
,{"name": "Hashing UsageSet", "ph": "X", "dur": 1.89999999975043, "tid": 1, "ts": 3108930, "pid": 1, "args": {"0":"CAB-9ec28a1c71c541092e0f06e2c8b2fe62"}}
,{"name": "Hashing ReferenceMap", "ph": "X", "dur": 4.80000000015934, "tid": 1, "ts": 3108932, "pid": 1, "args": {"0":"CAB-9ec28a1c71c541092e0f06e2c8b2fe62"}}
,{"name": "Hashing Info", "ph": "X", "dur": 49.1000000001804, "tid": 1, "ts": 3108937, "pid": 1, "args": {"0":"CAB-9ec28a1c71c541092e0f06e2c8b2fe62"}}
,{"name": "Hashing Objects", "ph": "X", "dur": 206.99999999988, "tid": 1, "ts": 3108987, "pid": 1, "args": {"0":"CAB-9ec28a1c71c541092e0f06e2c8b2fe62"}}
,{"name": "GetCacheEntry", "ph": "X", "dur": 241.100000000188, "tid": 1, "ts": 3109261, "pid": 1, "args": {"0":"CAB-e0e868e1a4508c641226989c4c20c91b"}}
,{"name": "Gather Objects AssetBundleWriteOperation", "ph": "X", "dur": 58.4000000003471, "tid": 1, "ts": 3109283, "pid": 1, "args": {"0":"CAB-e0e868e1a4508c641226989c4c20c91b"}}
,{"name": "Hashing Command", "ph": "X", "dur": 28.4999999998945, "tid": 1, "ts": 3109343, "pid": 1, "args": {"0":"CAB-e0e868e1a4508c641226989c4c20c91b"}}
,{"name": "Hashing UsageSet", "ph": "X", "dur": 4.50000000000728, "tid": 1, "ts": 3109372, "pid": 1, "args": {"0":"CAB-e0e868e1a4508c641226989c4c20c91b"}}
,{"name": "Hashing ReferenceMap", "ph": "X", "dur": 3.3000000003085, "tid": 1, "ts": 3109376, "pid": 1, "args": {"0":"CAB-e0e868e1a4508c641226989c4c20c91b"}}
,{"name": "Hashing Info", "ph": "X", "dur": 6.39999999975771, "tid": 1, "ts": 3109380, "pid": 1, "args": {"0":"CAB-e0e868e1a4508c641226989c4c20c91b"}}
,{"name": "Hashing Objects", "ph": "X", "dur": 50.2999999998792, "tid": 1, "ts": 3109387, "pid": 1, "args": {"0":"CAB-e0e868e1a4508c641226989c4c20c91b"}}
,{"name": "Load Cached Data", "ph": "X", "dur": 10738.1999999998, "tid": 1, "ts": 3111182, "pid": 1, "args": {"0":"Local Cache hit count: 6, Cache Server hit count: 0"}}
,{"name": "LoadCachedData", "ph": "X", "dur": 10718.6999999999, "tid": 1, "ts": 3111185, "pid": 1, "args": {"0":"6 items", "1":"Time spent deserializing: 10ms", "2":"Local Cache hit count: 6"}}
,{"name": "Read and deserialize cache info", "ph": "X", "dur": 10696.8000000002, "tid": 1, "ts": 3111196, "pid": 1}
,{"name": "Check for changed dependencies", "ph": "X", "dur": 8.89999999981228, "tid": 1, "ts": 3121905, "pid": 1, "args": {"0":"Unchanged dependencies count: 6"}}
,{"name": "Process Entries", "ph": "X", "dur": 31.5000000000509, "tid": 1, "ts": 3122209, "pid": 1}
,{"name": "Process Cached Entries", "ph": "X", "dur": 119.200000000092, "tid": 1, "ts": 3122241, "pid": 1}
,{"name": "Saving to Cache", "ph": "X", "dur": 135.400000000118, "tid": 1, "ts": 3123683, "pid": 1}
,{"name": "Creating Cached Infos", "ph": "X", "dur": 127.500000000055, "tid": 1, "ts": 3123688, "pid": 1}
,{"name": "ArchiveAndCompressBundles", "ph": "X", "dur": 24617.9000000002, "tid": 1, "ts": 3124049, "pid": 1}
,{"name": "CreateWorkItems", "ph": "X", "dur": 3620.89999999989, "tid": 1, "ts": 3126339, "pid": 1}
,{"name": "Creating Cache Entries", "ph": "X", "dur": 2248.2, "tid": 1, "ts": 3129968, "pid": 1}
,{"name": "Load Cached Data", "ph": "X", "dur": 5773.19999999963, "tid": 1, "ts": 3132218, "pid": 1, "args": {"0":"Local Cache hit count: 6, Cache Server hit count: 0"}}
,{"name": "LoadCachedData", "ph": "X", "dur": 5754.59999999975, "tid": 1, "ts": 3132220, "pid": 1, "args": {"0":"6 items", "1":"Time spent deserializing: 5ms", "2":"Local Cache hit count: 6"}}
,{"name": "Read and deserialize cache info", "ph": "X", "dur": 5733.29999999987, "tid": 1, "ts": 3132230, "pid": 1}
,{"name": "Check for changed dependencies", "ph": "X", "dur": 8.80000000006476, "tid": 1, "ts": 3137976, "pid": 1, "args": {"0":"Unchanged dependencies count: 6"}}
,{"name": "CopyingCachedFiles", "ph": "X", "dur": 2342.4, "tid": 1, "ts": 3138594, "pid": 1}
,{"name": "ArchiveItems", "ph": "X", "dur": 1354.59999999966, "tid": 1, "ts": 3141203, "pid": 1, "args": {"0":"Archiving 0 Bundles"}}
,{"name": "PostArchiveProcessing", "ph": "X", "dur": 3224.29999999986, "tid": 1, "ts": 3143215, "pid": 1}
,{"name": "Copying To Cache", "ph": "X", "dur": 66.2999999999556, "tid": 1, "ts": 3146441, "pid": 1}
,{"name": "AppendBundleHash", "ph": "X", "dur": 266.100000000279, "tid": 1, "ts": 3148821, "pid": 1}
,{"name": "GenerateLinkXml", "ph": "X", "dur": 9993.89999999994, "tid": 1, "ts": 3149171, "pid": 1}
,{"name": "PostWritingCallback", "ph": "X", "dur": 267.800000000079, "tid": 1, "ts": 3159372, "pid": 1}
]
}
