{
    "FileVersion": "1.4.6",
    "EnableAddressable": true,
    "OutputNameStyle": 1,
    "PackageName": "DefaultPackage",
    "PackageVersion": "2023-06-02-876",
    "AssetList": [
        {
            "Address": "model_01",
            "AssetPath": "Assets/OxGFrame/Samples/BundleDemo/Prefabs/model_01.prefab",
            "AssetTags": [
                "models"
            ],
            "BundleID": 0,
            "DependIDs": [
                5
            ]
        },
        {
            "Address": "LevelDemo01",
            "AssetPath": "Assets/OxGFrame/Samples/USFrameDemo/Scenes/LevelDemo01.unity",
            "AssetTags": [
                "scenes"
            ],
            "BundleID": 1,
            "DependIDs": [
                5
            ]
        },
        {
            "Address": "LevelDemo02",
            "AssetPath": "Assets/OxGFrame/Samples/USFrameDemo/Scenes/LevelDemo02.unity",
            "AssetTags": [
                "scenes"
            ],
            "BundleID": 2,
            "DependIDs": [
                5
            ]
        },
        {
            "Address": "LevelDemo03",
            "AssetPath": "Assets/OxGFrame/Samples/USFrameDemo/Scenes/LevelDemo03.unity",
            "AssetTags": [
                "scenes"
            ],
            "BundleID": 3,
            "DependIDs": [
                5
            ]
        },
        {
            "Address": "HotfixPrefab",
            "AssetPath": "Assets/OxGFrame/Hotfixer/Example/HotfixerDemo/Prefabs/HotfixPrefab.prefab",
            "AssetTags": [
                "prefabs"
            ],
            "BundleID": 4,
            "DependIDs": [
                5
            ]
        }
    ],
    "BundleList": [
        {
            "BundleName": "assets_oxgframe_samples_bundledemo_prefabs_model_01.bundle",
            "FileHash": "861c400fad53d8a1ced441d399e289fa",
            "FileCRC": "d3179026",
            "FileSize": 420950,
            "IsRawFile": false,
            "LoadMethod": 3,
            "Tags": [
                "models"
            ],
            "ReferenceIDs": []
        },
        {
            "BundleName": "assets_oxgframe_samples_usframedemo_scenes_leveldemo01.bundle",
            "FileHash": "db27cd760620fb65131ba0b90c5fb498",
            "FileCRC": "4604ab1a",
            "FileSize": 9610,
            "IsRawFile": false,
            "LoadMethod": 3,
            "Tags": [
                "scenes"
            ],
            "ReferenceIDs": []
        },
        {
            "BundleName": "assets_oxgframe_samples_usframedemo_scenes_leveldemo02.bundle",
            "FileHash": "d6a7451875a6ca06a5c95a454f8c3cd1",
            "FileCRC": "224f563f",
            "FileSize": 9581,
            "IsRawFile": false,
            "LoadMethod": 3,
            "Tags": [
                "scenes"
            ],
            "ReferenceIDs": []
        },
        {
            "BundleName": "assets_oxgframe_samples_usframedemo_scenes_leveldemo03.bundle",
            "FileHash": "0e0616b3613f9a754711357cda2c3afc",
            "FileCRC": "b8df10b2",
            "FileSize": 9615,
            "IsRawFile": false,
            "LoadMethod": 3,
            "Tags": [
                "scenes"
            ],
            "ReferenceIDs": []
        },
        {
            "BundleName": "assets_oxgframe_hotfixer_example_hotfixerdemo_prefabs_hotfixprefab.bundle",
            "FileHash": "0d9a792477dd0d18263f6eefd0964d89",
            "FileCRC": "072405e8",
            "FileSize": 5143,
            "IsRawFile": false,
            "LoadMethod": 3,
            "Tags": [
                "prefabs"
            ],
            "ReferenceIDs": []
        },
        {
            "BundleName": "unityshaders.bundle",
            "FileHash": "7587b55991271958db4cacdc277759f4",
            "FileCRC": "411df90a",
            "FileSize": 52994,
            "IsRawFile": false,
            "LoadMethod": 3,
            "Tags": [
                "models",
                "scenes",
                "prefabs"
            ],
            "ReferenceIDs": [
                0,
                1,
                2,
                3,
                4
            ]
        }
    ]
}