{
    "Summary": {
        "YooVersion": "",
        "UnityVersion": "2021.3.26f1",
        "BuildDate": "2023/6/2 下午 02:36:42",
        "BuildSeconds": 3,
        "BuildTarget": 19,
        "BuildPipeline": 1,
        "BuildMode": 1,
        "BuildPackageName": "HotfixPackage",
        "BuildPackageVersion": "2023-06-02-876",
        "EnableAddressable": true,
        "UniqueBundleName": false,
        "EncryptionServicesClassName": "OxGFrame.AssetLoader.Editor.XorEncryption",
        "OutputNameStyle": 1,
        "CompressOption": 2,
        "DisableWriteTypeTree": false,
        "IgnoreTypeTreeChanges": true,
        "AssetFileTotalCount": 7,
        "MainAssetTotalCount": 4,
        "AllBundleTotalCount": 4,
        "AllBundleTotalSize": 1539534,
        "EncryptedBundleTotalCount": 4,
        "EncryptedBundleTotalSize": 1539534,
        "RawBundleTotalCount": 0,
        "RawBundleTotalSize": 0
    },
    "AssetInfos": [
        {
            "Address": "HotfixMain",
            "AssetPath": "Assets/OxGFrame/Hotfixer/Example/HotfixerDemo/Scenes/Hotfix/HotfixMain.unity",
            "AssetGUID": "43eb557bde34c6642953a3f6444a2289",
            "AssetTags": [],
            "MainBundleName": "assets_oxgframe_hotfixer_example_hotfixerdemo_scenes_hotfix_hotfixmain.bundle",
            "MainBundleSize": 242603,
            "DependBundles": [],
            "DependAssets": [
                "Packages/com.unity.inputsystem/InputSystem/Editor/Icons/InputSystemUIInputModule@64.png",
                "Assets/OxGFrame/Hotfixer/Example/HotfixerDemo/Images/logo.jpg",
                "Packages/com.unity.inputsystem/InputSystem/Plugins/PlayerInput/DefaultInputActions.inputactions"
            ]
        },
        {
            "Address": "mscorlib.dll",
            "AssetPath": "Assets/HotfixCollector/AOTDlls/mscorlib.dll.bytes",
            "AssetGUID": "1b344677e24753f49a33274652567537",
            "AssetTags": [],
            "MainBundleName": "assets_hotfixcollector_aotdlls_mscorlib_dll.bundle",
            "MainBundleSize": 1074278,
            "DependBundles": [],
            "DependAssets": []
        },
        {
            "Address": "UniTask.dll",
            "AssetPath": "Assets/HotfixCollector/AOTDlls/UniTask.dll.bytes",
            "AssetGUID": "ba982132a7414d84e9ad950a884cc14c",
            "AssetTags": [],
            "MainBundleName": "assets_hotfixcollector_aotdlls_unitask_dll.bundle",
            "MainBundleSize": 217965,
            "DependBundles": [],
            "DependAssets": []
        },
        {
            "Address": "HotfixDemo.Hotfix.Runtime.dll",
            "AssetPath": "Assets/HotfixCollector/HotfixDlls/HotfixDemo.Hotfix.Runtime.dll.bytes",
            "AssetGUID": "1624f0bc2bf368544b4b433c22794017",
            "AssetTags": [],
            "MainBundleName": "assets_hotfixcollector_hotfixdlls_hotfixdemo_hotfix_runtime_dll.bundle",
            "MainBundleSize": 4688,
            "DependBundles": [],
            "DependAssets": []
        }
    ],
    "BundleInfos": [
        {
            "BundleName": "assets_oxgframe_hotfixer_example_hotfixerdemo_scenes_hotfix_hotfixmain.bundle",
            "FileName": "86d1a3e18e3efb49cb317966cf3a9b3d.bundle",
            "FileHash": "86d1a3e18e3efb49cb317966cf3a9b3d",
            "FileCRC": "074ffb22",
            "FileSize": 242603,
            "IsRawFile": false,
            "LoadMethod": 3,
            "Tags": [],
            "ReferenceIDs": [],
            "AllBuiltinAssets": [
                "Assets/OxGFrame/Hotfixer/Example/HotfixerDemo/Scenes/Hotfix/HotfixMain.unity",
                "Packages/com.unity.inputsystem/InputSystem/Editor/Icons/InputSystemUIInputModule@64.png",
                "Assets/OxGFrame/Hotfixer/Example/HotfixerDemo/Images/logo.jpg",
                "Packages/com.unity.inputsystem/InputSystem/Plugins/PlayerInput/DefaultInputActions.inputactions"
            ]
        },
        {
            "BundleName": "assets_hotfixcollector_aotdlls_mscorlib_dll.bundle",
            "FileName": "c9b35315af78fd859793865274adfbfb.bundle",
            "FileHash": "c9b35315af78fd859793865274adfbfb",
            "FileCRC": "967a6028",
            "FileSize": 1074278,
            "IsRawFile": false,
            "LoadMethod": 3,
            "Tags": [],
            "ReferenceIDs": [],
            "AllBuiltinAssets": [
                "Assets/HotfixCollector/AOTDlls/mscorlib.dll.bytes"
            ]
        },
        {
            "BundleName": "assets_hotfixcollector_aotdlls_unitask_dll.bundle",
            "FileName": "623f75f1267621a29790113372afdd16.bundle",
            "FileHash": "623f75f1267621a29790113372afdd16",
            "FileCRC": "7bf5dc96",
            "FileSize": 217965,
            "IsRawFile": false,
            "LoadMethod": 3,
            "Tags": [],
            "ReferenceIDs": [],
            "AllBuiltinAssets": [
                "Assets/HotfixCollector/AOTDlls/UniTask.dll.bytes"
            ]
        },
        {
            "BundleName": "assets_hotfixcollector_hotfixdlls_hotfixdemo_hotfix_runtime_dll.bundle",
            "FileName": "11a1cb901bf615c2708bbde84038d09e.bundle",
            "FileHash": "11a1cb901bf615c2708bbde84038d09e",
            "FileCRC": "1ab77af7",
            "FileSize": 4688,
            "IsRawFile": false,
            "LoadMethod": 3,
            "Tags": [],
            "ReferenceIDs": [],
            "AllBuiltinAssets": [
                "Assets/HotfixCollector/HotfixDlls/HotfixDemo.Hotfix.Runtime.dll.bytes"
            ]
        }
    ]
}