{
"Date": "2023/6/2 下午 02:36:38",
"UnityVersion": "2021.3.26f1",
"com.unity.scriptablebuildpipeline": "1.20.2",
"traceEvents": [
{"name": "AssetDatabase.SaveAssets", "ph": "X", "dur": 86967.5, "tid": 1, "ts": 128, "pid": 1}
,{"name": "SwitchToBuildPlatform", "ph": "X", "dur": 22.7000000000004, "tid": 1, "ts": 93549, "pid": 1}
,{"name": "RebuildSpriteAtlasCache", "ph": "X", "dur": 21532.9, "tid": 1, "ts": 93648, "pid": 1}
,{"name": "BuildPlayerScripts", "ph": "X", "dur": 2386804.1, "tid": 1, "ts": 115314, "pid": 1}
,{"name": "PostScriptsCallback", "ph": "X", "dur": 3.99999999990541, "tid": 1, "ts": 2502288, "pid": 1}
,{"name": "CalculateSceneDependencyData", "ph": "X", "dur": 163468.2, "tid": 1, "ts": 2502389, "pid": 1, "args": {"0":"Local Cache hit count: 0, Cache Server hit count: 0"}}
,{"name": "LoadCachedData", "ph": "X", "dur": 1072.80000000037, "tid": 1, "ts": 2502472, "pid": 1, "args": {"0":"1 items", "1":"Time spent deserializing: 1ms", "2":"Local Cache hit count: 0"}}
,{"name": "Read and deserialize cache info", "ph": "X", "dur": 1051.89999999993, "tid": 1, "ts": 2502483, "pid": 1}
,{"name": "Check for changed dependencies", "ph": "X", "dur": 33.6999999999534, "tid": 1, "ts": 2503545, "pid": 1, "args": {"0":"Unchanged dependencies count: 0"}}
,{"name": "Calculate Scene Dependencies", "ph": "X", "dur": 141068.3, "tid": 1, "ts": 2503583, "pid": 1, "args": {"0":"43eb557bde34c6642953a3f6444a2289"}}
,{"name": "SaveCachedData", "ph": "X", "dur": 21198.0999999996, "tid": 1, "ts": 2644658, "pid": 1, "args": {"0":"Saving 1 infos"}}
,{"name": "SerializingCacheInfos[1]", "ph": "X", "dur": 20311.4, "tid": 1, "ts": 2645538, "pid": 1}
,{"name": "CalculateCustomDependencyData", "ph": "X", "dur": 6.19999999980791, "tid": 1, "ts": 2666059, "pid": 1}
,{"name": "CalculateAssetDependencyData", "ph": "X", "dur": 8178.10000000009, "tid": 1, "ts": 2666191, "pid": 1}
,{"name": "Gathering Cache Entries to Load", "ph": "X", "dur": 8141.60000000038, "tid": 1, "ts": 2666197, "pid": 1, "args": {"0":"Local Cache hit count: 3, Cache Server hit count: 0"}}
,{"name": "LoadCachedData", "ph": "X", "dur": 7865.59999999963, "tid": 1, "ts": 2666301, "pid": 1, "args": {"0":"3 items", "1":"Time spent deserializing: 7ms", "2":"Local Cache hit count: 3"}}
,{"name": "Read and deserialize cache info", "ph": "X", "dur": 7840.50000000025, "tid": 1, "ts": 2666310, "pid": 1}
,{"name": "Check for changed dependencies", "ph": "X", "dur": 165.800000000218, "tid": 1, "ts": 2674167, "pid": 1, "args": {"0":"Unchanged dependencies count: 3"}}
,{"name": "Calculate Asset Dependencies", "ph": "X", "dur": 8.49999999991269, "tid": 1, "ts": 2674340, "pid": 1, "args": {"0":"1b344677e24753f49a33274652567537 (cached)"}}
,{"name": "Calculate Asset Dependencies", "ph": "X", "dur": 4.29999999960273, "tid": 1, "ts": 2674349, "pid": 1, "args": {"0":"ba982132a7414d84e9ad950a884cc14c (cached)"}}
,{"name": "Calculate Asset Dependencies", "ph": "X", "dur": 2.29999999965003, "tid": 1, "ts": 2674353, "pid": 1, "args": {"0":"1624f0bc2bf368544b4b433c22794017 (cached)"}}
,{"name": "Gathering Cache Entries to Save", "ph": "X", "dur": 3.79999999995562, "tid": 1, "ts": 2674356, "pid": 1}
,{"name": "StripUnusedSpriteSources", "ph": "X", "dur": 2.49999999959982, "tid": 1, "ts": 2674527, "pid": 1}
,{"name": "CreateBuiltInShadersBundle", "ph": "X", "dur": 150.700000000143, "tid": 1, "ts": 2674619, "pid": 1}
,{"name": "PostDependencyCallback", "ph": "X", "dur": 2.30000000010477, "tid": 1, "ts": 2674863, "pid": 1}
,{"name": "GenerateBundlePacking", "ph": "X", "dur": 522.599999999784, "tid": 1, "ts": 2674965, "pid": 1}
,{"name": "UpdateBundleObjectLayout", "ph": "X", "dur": 2.10000000015498, "tid": 1, "ts": 2675604, "pid": 1}
,{"name": "GenerateBundleCommands", "ph": "X", "dur": 872.699999999895, "tid": 1, "ts": 2675703, "pid": 1}
,{"name": "GenerateSubAssetPathMaps", "ph": "X", "dur": 1.99999999995271, "tid": 1, "ts": 2676688, "pid": 1}
,{"name": "GenerateBundleMaps", "ph": "X", "dur": 74.500000000171, "tid": 1, "ts": 2676759, "pid": 1}
,{"name": "Temporary Map Creations", "ph": "X", "dur": 42.1999999998661, "tid": 1, "ts": 2676760, "pid": 1}
,{"name": "Populate BuildReferenceMaps", "ph": "X", "dur": 12.2999999998683, "tid": 1, "ts": 2676803, "pid": 1}
,{"name": "Populate BuildUsageTagSet", "ph": "X", "dur": 17.1999999997752, "tid": 1, "ts": 2676816, "pid": 1}
,{"name": "PostPackingCallback", "ph": "X", "dur": 2.59999999980209, "tid": 1, "ts": 2676927, "pid": 1}
,{"name": "WriteSerializedFiles", "ph": "X", "dur": 189635.4, "tid": 1, "ts": 2677041, "pid": 1}
,{"name": "RunCachedOperation", "ph": "X", "dur": 189620.1, "tid": 1, "ts": 2677055, "pid": 1, "args": {"0":"Total Entries: 4, Processed: 1, Cached: 3"}}
,{"name": "Creating Cache Entries", "ph": "X", "dur": 6684.69999999979, "tid": 1, "ts": 2677057, "pid": 1}
,{"name": "GetCacheEntry", "ph": "X", "dur": 5855.59999999987, "tid": 1, "ts": 2677059, "pid": 1, "args": {"0":"CAB-8ecea35254a89a69991dcab9f8f9a82c.sharedAssets"}}
,{"name": "Gather Objects", "ph": "X", "dur": 4633.19999999976, "tid": 1, "ts": 2677145, "pid": 1, "args": {"0":"CAB-8ecea35254a89a69991dcab9f8f9a82c.sharedAssets"}}
,{"name": "Hashing Command", "ph": "X", "dur": 237.39999999998, "tid": 1, "ts": 2681781, "pid": 1, "args": {"0":"CAB-8ecea35254a89a69991dcab9f8f9a82c.sharedAssets"}}
,{"name": "Hashing UsageSet", "ph": "X", "dur": 3.29999999985375, "tid": 1, "ts": 2682019, "pid": 1, "args": {"0":"CAB-8ecea35254a89a69991dcab9f8f9a82c.sharedAssets"}}
,{"name": "Hashing ReferenceMap", "ph": "X", "dur": 7.10000000026412, "tid": 1, "ts": 2682023, "pid": 1, "args": {"0":"CAB-8ecea35254a89a69991dcab9f8f9a82c.sharedAssets"}}
,{"name": "Hashing PreloadInfo", "ph": "X", "dur": 35.4999999999563, "tid": 1, "ts": 2682030, "pid": 1, "args": {"0":"CAB-8ecea35254a89a69991dcab9f8f9a82c.sharedAssets"}}
,{"name": "Hashing Info", "ph": "X", "dur": 14.4999999997708, "tid": 1, "ts": 2682066, "pid": 1, "args": {"0":"CAB-8ecea35254a89a69991dcab9f8f9a82c.sharedAssets"}}
,{"name": "Hashing Objects", "ph": "X", "dur": 550.000000000182, "tid": 1, "ts": 2682081, "pid": 1, "args": {"0":"CAB-8ecea35254a89a69991dcab9f8f9a82c.sharedAssets"}}
,{"name": "GetCacheEntry", "ph": "X", "dur": 295.000000000073, "tid": 1, "ts": 2682918, "pid": 1, "args": {"0":"CAB-e16d5b97ff7ec2e6b82e3628fc198140"}}
,{"name": "Gather Objects AssetBundleWriteOperation", "ph": "X", "dur": 67.9000000000087, "tid": 1, "ts": 2682951, "pid": 1, "args": {"0":"CAB-e16d5b97ff7ec2e6b82e3628fc198140"}}
,{"name": "Hashing Command", "ph": "X", "dur": 25.3999999999905, "tid": 1, "ts": 2683021, "pid": 1, "args": {"0":"CAB-e16d5b97ff7ec2e6b82e3628fc198140"}}
,{"name": "Hashing UsageSet", "ph": "X", "dur": 1.60000000005311, "tid": 1, "ts": 2683047, "pid": 1, "args": {"0":"CAB-e16d5b97ff7ec2e6b82e3628fc198140"}}
,{"name": "Hashing ReferenceMap", "ph": "X", "dur": 4.09999999965294, "tid": 1, "ts": 2683049, "pid": 1, "args": {"0":"CAB-e16d5b97ff7ec2e6b82e3628fc198140"}}
,{"name": "Hashing Info", "ph": "X", "dur": 19.800000000032, "tid": 1, "ts": 2683054, "pid": 1, "args": {"0":"CAB-e16d5b97ff7ec2e6b82e3628fc198140"}}
,{"name": "Hashing Objects", "ph": "X", "dur": 52.8999999996813, "tid": 1, "ts": 2683074, "pid": 1, "args": {"0":"CAB-e16d5b97ff7ec2e6b82e3628fc198140"}}
,{"name": "GetCacheEntry", "ph": "X", "dur": 262.200000000121, "tid": 1, "ts": 2683214, "pid": 1, "args": {"0":"CAB-64ace4997db3f547c1beedfe1f1be231"}}
,{"name": "Gather Objects AssetBundleWriteOperation", "ph": "X", "dur": 50.2999999998792, "tid": 1, "ts": 2683240, "pid": 1, "args": {"0":"CAB-64ace4997db3f547c1beedfe1f1be231"}}
,{"name": "Hashing Command", "ph": "X", "dur": 24.0999999996347, "tid": 1, "ts": 2683292, "pid": 1, "args": {"0":"CAB-64ace4997db3f547c1beedfe1f1be231"}}
,{"name": "Hashing UsageSet", "ph": "X", "dur": 2.70000000000437, "tid": 1, "ts": 2683316, "pid": 1, "args": {"0":"CAB-64ace4997db3f547c1beedfe1f1be231"}}
,{"name": "Hashing ReferenceMap", "ph": "X", "dur": 3.49999999980355, "tid": 1, "ts": 2683319, "pid": 1, "args": {"0":"CAB-64ace4997db3f547c1beedfe1f1be231"}}
,{"name": "Hashing Info", "ph": "X", "dur": 19.0000000002328, "tid": 1, "ts": 2683323, "pid": 1, "args": {"0":"CAB-64ace4997db3f547c1beedfe1f1be231"}}
,{"name": "Hashing Objects", "ph": "X", "dur": 51.5999999997803, "tid": 1, "ts": 2683343, "pid": 1, "args": {"0":"CAB-64ace4997db3f547c1beedfe1f1be231"}}
,{"name": "GetCacheEntry", "ph": "X", "dur": 263.100000000122, "tid": 1, "ts": 2683478, "pid": 1, "args": {"0":"CAB-04e96cd584309265b5b707cbf155c48a"}}
,{"name": "Gather Objects AssetBundleWriteOperation", "ph": "X", "dur": 51.0000000003856, "tid": 1, "ts": 2683503, "pid": 1, "args": {"0":"CAB-04e96cd584309265b5b707cbf155c48a"}}
,{"name": "Hashing Command", "ph": "X", "dur": 23.899999999685, "tid": 1, "ts": 2683555, "pid": 1, "args": {"0":"CAB-04e96cd584309265b5b707cbf155c48a"}}
,{"name": "Hashing UsageSet", "ph": "X", "dur": 1.50000000030559, "tid": 1, "ts": 2683580, "pid": 1, "args": {"0":"CAB-04e96cd584309265b5b707cbf155c48a"}}
,{"name": "Hashing ReferenceMap", "ph": "X", "dur": 3.3000000003085, "tid": 1, "ts": 2683582, "pid": 1, "args": {"0":"CAB-04e96cd584309265b5b707cbf155c48a"}}
,{"name": "Hashing Info", "ph": "X", "dur": 20.1999999999316, "tid": 1, "ts": 2683586, "pid": 1, "args": {"0":"CAB-04e96cd584309265b5b707cbf155c48a"}}
,{"name": "Hashing Objects", "ph": "X", "dur": 52.8999999996813, "tid": 1, "ts": 2683606, "pid": 1, "args": {"0":"CAB-04e96cd584309265b5b707cbf155c48a"}}
,{"name": "Load Cached Data", "ph": "X", "dur": 10215.4999999998, "tid": 1, "ts": 2683746, "pid": 1, "args": {"0":"Local Cache hit count: 3, Cache Server hit count: 0"}}
,{"name": "LoadCachedData", "ph": "X", "dur": 10197.7999999999, "tid": 1, "ts": 2683748, "pid": 1, "args": {"0":"4 items", "1":"Time spent deserializing: 10ms", "2":"Local Cache hit count: 3"}}
,{"name": "Read and deserialize cache info", "ph": "X", "dur": 10174.7, "tid": 1, "ts": 2683756, "pid": 1}
,{"name": "Check for changed dependencies", "ph": "X", "dur": 10.0999999999658, "tid": 1, "ts": 2693947, "pid": 1, "args": {"0":"Unchanged dependencies count: 3"}}
,{"name": "Process Entries", "ph": "X", "dur": 163024.3, "tid": 1, "ts": 2693969, "pid": 1}
,{"name": "Writing SceneBundleWriteOperation", "ph": "X", "dur": 147441.7, "tid": 1, "ts": 2695297, "pid": 1, "args": {"0":"CAB-8ecea35254a89a69991dcab9f8f9a82c.sharedAssets"}}
,{"name": "Process Cached Entries", "ph": "X", "dur": 6.39999999975771, "tid": 1, "ts": 2856996, "pid": 1}
,{"name": "Saving to Cache", "ph": "X", "dur": 9646.79999999998, "tid": 1, "ts": 2857018, "pid": 1}
,{"name": "Creating Cached Infos", "ph": "X", "dur": 844.099999999798, "tid": 1, "ts": 2857019, "pid": 1}
,{"name": "SaveCachedData", "ph": "X", "dur": 8798.20000000018, "tid": 1, "ts": 2857866, "pid": 1, "args": {"0":"Saving 1 infos"}}
,{"name": "SerializingCacheInfos[1]", "ph": "X", "dur": 7834.50000000039, "tid": 1, "ts": 2858826, "pid": 1}
,{"name": "ArchiveAndCompressBundles", "ph": "X", "dur": 981980, "tid": 1, "ts": 2866912, "pid": 1}
,{"name": "CreateWorkItems", "ph": "X", "dur": 45.7000000001244, "tid": 1, "ts": 2866918, "pid": 1}
,{"name": "Creating Cache Entries", "ph": "X", "dur": 218.100000000049, "tid": 1, "ts": 2866965, "pid": 1}
,{"name": "Load Cached Data", "ph": "X", "dur": 4711.59999999963, "tid": 1, "ts": 2867185, "pid": 1, "args": {"0":"Local Cache hit count: 3, Cache Server hit count: 0"}}
,{"name": "LoadCachedData", "ph": "X", "dur": 4698.79999999966, "tid": 1, "ts": 2867187, "pid": 1, "args": {"0":"4 items", "1":"Time spent deserializing: 4ms", "2":"Local Cache hit count: 3"}}
,{"name": "Read and deserialize cache info", "ph": "X", "dur": 4683.39999999989, "tid": 1, "ts": 2867192, "pid": 1}
,{"name": "Check for changed dependencies", "ph": "X", "dur": 7.59999999991123, "tid": 1, "ts": 2871886, "pid": 1, "args": {"0":"Unchanged dependencies count: 3"}}
,{"name": "CopyingCachedFiles", "ph": "X", "dur": 389.100000000326, "tid": 1, "ts": 2872029, "pid": 1}
,{"name": "ArchiveItems", "ph": "X", "dur": 971921.3, "tid": 1, "ts": 2872419, "pid": 1, "args": {"0":"Archiving 1 Bundles"}}
,{"name": "ArchiveSingleItem", "ph": "X", "dur": 970305.4, "tid": 833, "ts": 2872445, "pid": 1, "args": {"0":"assets_oxgframe_hotfixer_example_hotfixerdemo_scenes_hotfix_hotfixmain.bundle"}}
,{"name": "Copying From Cache", "ph": "X", "dur": 2354.90000000004, "tid": 833, "ts": 3840394, "pid": 1, "args": {"0":"F:\\Unity_Projects\\2021\\OxGFrame\\Library\\BuildCache\\c4\\c4da07fbc4754dfc3a16bbbb3732e52f\\dcdde579ac6cebec69f6521681290b6b\\590ef6241c48062853442f282126bf8c -> F:\\Unity_Projects\\2021\\OxGFrame\\Bundles\\StandaloneWindows64\\HotfixPackage\\OutputCache\\assets_oxgframe_hotfixer_example_hotfixerdemo_scenes_hotfix_hotfixmain.bundle"}}
,{"name": "PostArchiveProcessing", "ph": "X", "dur": 163.000000000011, "tid": 1, "ts": 3844362, "pid": 1}
,{"name": "Copying To Cache", "ph": "X", "dur": 4352.40000000022, "tid": 1, "ts": 3844526, "pid": 1}
,{"name": "SaveCachedData", "ph": "X", "dur": 4115.20000000019, "tid": 1, "ts": 3844763, "pid": 1, "args": {"0":"Saving 1 infos"}}
,{"name": "SerializingCacheInfos[1]", "ph": "X", "dur": 4027.79999999984, "tid": 1, "ts": 3844847, "pid": 1}
,{"name": "AppendBundleHash", "ph": "X", "dur": 2.70000000000437, "tid": 1, "ts": 3849030, "pid": 1}
,{"name": "GenerateLinkXml", "ph": "X", "dur": 1747.4000000002, "tid": 1, "ts": 3849098, "pid": 1}
,{"name": "PostWritingCallback", "ph": "X", "dur": 2.10000000015498, "tid": 1, "ts": 3850953, "pid": 1}
]
}
