<linker>
  <assembly fullname="HotfixDemo.Hotfix.Runtime, Version=0.0.0.0, Culture=neutral, PublicKeyToken=null">
    <type fullname="HotfixTester" preserve="all" />
  </assembly>
  <assembly fullname="Unity.InputSystem, Version=1.5.1.0, Culture=neutral, PublicKeyToken=null">
    <type fullname="UnityEngine.InputSystem.InputActionAsset" preserve="all" />
    <type fullname="UnityEngine.InputSystem.InputActionReference" preserve="all" />
    <type fullname="UnityEngine.InputSystem.UI.InputSystemUIInputModule" preserve="all" />
    <type fullname="UnityEngine.InputSystem.InputAction" preserve="nothing" serialized="true" />
    <type fullname="UnityEngine.InputSystem.InputActionMap" preserve="nothing" serialized="true" />
    <type fullname="UnityEngine.InputSystem.InputBinding" preserve="nothing" serialized="true" />
    <type fullname="UnityEngine.InputSystem.InputControlScheme" preserve="nothing" serialized="true" />
    <type fullname="UnityEngine.InputSystem.InputControlScheme/DeviceRequirement" preserve="nothing" serialized="true" />
  </assembly>
  <assembly fullname="UnityEngine.AudioModule, Version=0.0.0.0, Culture=neutral, PublicKeyToken=null">
    <type fullname="UnityEngine.AudioListener" preserve="all" />
  </assembly>
  <assembly fullname="UnityEngine.CoreModule, Version=0.0.0.0, Culture=neutral, PublicKeyToken=null">
    <type fullname="UnityEngine.Camera" preserve="all" />
    <type fullname="UnityEngine.GameObject" preserve="all" />
    <type fullname="UnityEngine.Light" preserve="all" />
    <type fullname="UnityEngine.LightmapSettings" preserve="all" />
    <type fullname="UnityEngine.Object" preserve="all" />
    <type fullname="UnityEngine.RectTransform" preserve="all" />
    <type fullname="UnityEngine.RenderSettings" preserve="all" />
    <type fullname="UnityEngine.Sprite" preserve="all" />
    <type fullname="UnityEngine.TextAsset" preserve="all" />
    <type fullname="UnityEngine.Texture2D" preserve="all" />
    <type fullname="UnityEngine.Transform" preserve="all" />
    <type fullname="UnityEngine.Events.PersistentCallGroup" preserve="nothing" serialized="true" />
  </assembly>
  <assembly fullname="UnityEngine.UI, Version=1.0.0.0, Culture=neutral, PublicKeyToken=null">
    <type fullname="UnityEngine.EventSystems.EventSystem" preserve="all" />
    <type fullname="UnityEngine.UI.CanvasScaler" preserve="all" />
    <type fullname="UnityEngine.UI.ContentSizeFitter" preserve="all" />
    <type fullname="UnityEngine.UI.GraphicRaycaster" preserve="all" />
    <type fullname="UnityEngine.UI.Image" preserve="all" />
    <type fullname="UnityEngine.UI.Text" preserve="all" />
    <type fullname="UnityEngine.UI.FontData" preserve="nothing" serialized="true" />
    <type fullname="UnityEngine.UI.MaskableGraphic/CullStateChangedEvent" preserve="nothing" serialized="true" />
  </assembly>
  <assembly fullname="UnityEngine.UIModule, Version=0.0.0.0, Culture=neutral, PublicKeyToken=null">
    <type fullname="UnityEngine.Canvas" preserve="all" />
    <type fullname="UnityEngine.CanvasRenderer" preserve="all" />
  </assembly>
</linker>