{
    "FileVersion": "1.4.6",
    "EnableAddressable": true,
    "OutputNameStyle": 1,
    "PackageName": "HotfixPackage",
    "PackageVersion": "2023-06-02-876",
    "AssetList": [
        {
            "Address": "HotfixMain",
            "AssetPath": "Assets/OxGFrame/Hotfixer/Example/HotfixerDemo/Scenes/Hotfix/HotfixMain.unity",
            "AssetTags": [],
            "BundleID": 0,
            "DependIDs": []
        },
        {
            "Address": "mscorlib.dll",
            "AssetPath": "Assets/HotfixCollector/AOTDlls/mscorlib.dll.bytes",
            "AssetTags": [],
            "BundleID": 1,
            "DependIDs": []
        },
        {
            "Address": "UniTask.dll",
            "AssetPath": "Assets/HotfixCollector/AOTDlls/UniTask.dll.bytes",
            "AssetTags": [],
            "BundleID": 2,
            "DependIDs": []
        },
        {
            "Address": "HotfixDemo.Hotfix.Runtime.dll",
            "AssetPath": "Assets/HotfixCollector/HotfixDlls/HotfixDemo.Hotfix.Runtime.dll.bytes",
            "AssetTags": [],
            "BundleID": 3,
            "DependIDs": []
        }
    ],
    "BundleList": [
        {
            "BundleName": "assets_oxgframe_hotfixer_example_hotfixerdemo_scenes_hotfix_hotfixmain.bundle",
            "FileHash": "86d1a3e18e3efb49cb317966cf3a9b3d",
            "FileCRC": "074ffb22",
            "FileSize": 242603,
            "IsRawFile": false,
            "LoadMethod": 3,
            "Tags": [],
            "ReferenceIDs": []
        },
        {
            "BundleName": "assets_hotfixcollector_aotdlls_mscorlib_dll.bundle",
            "FileHash": "c9b35315af78fd859793865274adfbfb",
            "FileCRC": "967a6028",
            "FileSize": 1074278,
            "IsRawFile": false,
            "LoadMethod": 3,
            "Tags": [],
            "ReferenceIDs": []
        },
        {
            "BundleName": "assets_hotfixcollector_aotdlls_unitask_dll.bundle",
            "FileHash": "623f75f1267621a29790113372afdd16",
            "FileCRC": "7bf5dc96",
            "FileSize": 217965,
            "IsRawFile": false,
            "LoadMethod": 3,
            "Tags": [],
            "ReferenceIDs": []
        },
        {
            "BundleName": "assets_hotfixcollector_hotfixdlls_hotfixdemo_hotfix_runtime_dll.bundle",
            "FileHash": "11a1cb901bf615c2708bbde84038d09e",
            "FileCRC": "1ab77af7",
            "FileSize": 4688,
            "IsRawFile": false,
            "LoadMethod": 3,
            "Tags": [],
            "ReferenceIDs": []
        }
    ]
}